[{"fields": {"debt": 0.0, "name": "No Post School Qualification"}, "model": "pathways.qualification", "pk": 1}, {"fields": {"debt": 0.0, "name": "Building"}, "model": "pathways.qualification", "pk": 2}, {"fields": {"debt": 0.0, "name": "Mechanical and Industrial Engineering and Technology"}, "model": "pathways.qualification", "pk": 3}, {"fields": {"debt": 0.0, "name": "Automotive Engineering and Technology"}, "model": "pathways.qualification", "pk": 4}, {"fields": {"debt": 0.0, "name": "Electrical and Electronic Engineering and Technology"}, "model": "pathways.qualification", "pk": 5}, {"fields": {"debt": 0.0, "name": "Engineering and Related Technologies not further defined"}, "model": "pathways.qualification", "pk": 6}, {"fields": {"debt": 0.0, "name": "Aerospace Engineering and Technology"}, "model": "pathways.qualification", "pk": 7}, {"fields": {"debt": 0.0, "name": "Food and Hospitality"}, "model": "pathways.qualification", "pk": 8}, {"fields": {"debt": 0.0, "name": "Manufacturing, Engineering and Technology"}, "model": "pathways.qualification", "pk": 9}, {"fields": {"debt": 0.0, "name": "Justice and Law Enforcement"}, "model": "pathways.qualification", "pk": 10}, {"fields": {"debt": 0.0, "name": "Business and Management"}, "model": "pathways.qualification", "pk": 11}, {"fields": {"debt": 0.0, "name": "Personal Services"}, "model": "pathways.qualification", "pk": 12}, {"fields": {"debt": 0.0, "name": "Teacher Education"}, "model": "pathways.qualification", "pk": 13}, {"fields": {"debt": 0.0, "name": "Language and Literature"}, "model": "pathways.qualification", "pk": 14}, {"fields": {"debt": 0.0, "name": "Other Natural and Physical Sciences"}, "model": "pathways.qualification", "pk": 15}, {"fields": {"debt": 0.0, "name": "Tourism"}, "model": "pathways.qualification", "pk": 16}, {"fields": {"debt": 0.0, "name": "Communication and Media Studies"}, "model": "pathways.qualification", "pk": 17}, {"fields": {"debt": 0.0, "name": "Graphic and Design Studies"}, "model": "pathways.qualification", "pk": 18}, {"fields": {"debt": 0.0, "name": "Visual Arts and Crafts"}, "model": "pathways.qualification", "pk": 19}, {"fields": {"debt": 0.0, "name": "Studies in Human Society"}, "model": "pathways.qualification", "pk": 20}, {"fields": {"debt": 0.0, "name": "Political Science and Policy Studies"}, "model": "pathways.qualification", "pk": 21}, {"fields": {"debt": 0.0, "name": "Biological Sciences"}, "model": "pathways.qualification", "pk": 22}, {"fields": {"debt": 0.0, "name": "Law"}, "model": "pathways.qualification", "pk": 23}, {"fields": {"debt": 0.0, "name": "Office Studies"}, "model": "pathways.qualification", "pk": 24}, {"fields": {"debt": 0.0, "name": "Computer Science"}, "model": "pathways.qualification", "pk": 25}, {"fields": {"debt": 0.0, "name": "Mathematical Sciences"}, "model": "pathways.qualification", "pk": 26}, {"fields": {"debt": 0.0, "name": "Information Systems"}, "model": "pathways.qualification", "pk": 27}, {"fields": {"debt": 0.0, "name": "Information Technology not further defined"}, "model": "pathways.qualification", "pk": 28}, {"fields": {"debt": 0.0, "name": "Economics and Econometrics"}, "model": "pathways.qualification", "pk": 29}, {"fields": {"debt": 0.0, "name": "Behavioural Science"}, "model": "pathways.qualification", "pk": 30}, {"fields": {"debt": 0.0, "name": "Librarianship, Information Management and Curatorial Studies"}, "model": "pathways.qualification", "pk": 31}, {"fields": {"debt": 0.0, "name": "Environmental Studies"}, "model": "pathways.qualification", "pk": 32}, {"fields": {"debt": 0.0, "name": "Architecture and Urban Environment"}, "model": "pathways.qualification", "pk": 33}, {"fields": {"debt": 0.0, "name": "Accountancy"}, "model": "pathways.qualification", "pk": 34}, {"fields": {"debt": 0.0, "name": "Banking, Finance and Related Fields"}, "model": "pathways.qualification", "pk": 35}, {"fields": {"debt": 0.0, "name": "Education not further defined"}, "model": "pathways.qualification", "pk": 36}, {"fields": {"debt": 0.0, "name": "Medical Studies"}, "model": "pathways.qualification", "pk": 37}, {"fields": {"debt": 0.0, "name": "Nursing"}, "model": "pathways.qualification", "pk": 38}, {"fields": {"debt": 0.0, "name": "Health not further defined"}, "model": "pathways.qualification", "pk": 39}, {"fields": {"debt": 0.0, "name": "Public Health"}, "model": "pathways.qualification", "pk": 40}, {"fields": {"debt": 0.0, "name": "Other Health"}, "model": "pathways.qualification", "pk": 41}, {"fields": {"debt": 0.0, "name": "Earth Sciences"}, "model": "pathways.qualification", "pk": 42}, {"fields": {"debt": 0.0, "name": "Agriculture"}, "model": "pathways.qualification", "pk": 43}, {"fields": {"debt": 0.0, "name": "Civil Engineering"}, "model": "pathways.qualification", "pk": 44}, {"fields": {"debt": 0.0, "name": "Physics and Astronomy"}, "model": "pathways.qualification", "pk": 45}, {"fields": {"debt": 0.0, "name": "Chemical Sciences"}, "model": "pathways.qualification", "pk": 46}, {"fields": {"debt": 0.0, "name": "Pharmacy"}, "model": "pathways.qualification", "pk": 47}, {"fields": {"debt": 0.0, "name": "Process and Resources Engineering"}, "model": "pathways.qualification", "pk": 48}, {"fields": {"debt": 0.0, "name": "Natural and Physical Sciences not further defined"}, "model": "pathways.qualification", "pk": 49}, {"fields": {"name": "Builder's Labourer", "maori_name": "", "income": 30700, "qualifications": [1, 2, 3, 4, 5], "hours_worked_60_more": 2, "hours_worked_60_less": 75, "hours_worked_30_less": 17}, "model": "pathways.career", "pk": 1}, {"fields": {"name": "Small Engine Mechanic", "maori_name": "", "income": 29400, "qualifications": [1, 2, 3, 4, 6], "hours_worked_60_more": 2, "hours_worked_60_less": 82, "hours_worked_30_less": 13}, "model": "pathways.career", "pk": 2}, {"fields": {"name": "Aircraft Engine Mechanic", "maori_name": "", "income": 44100, "qualifications": [1, 2, 3, 4, 7], "hours_worked_60_more": 5, "hours_worked_60_less": 91, "hours_worked_30_less": 3}, "model": "pathways.career", "pk": 3}, {"fields": {"name": "Motor Mechanic", "maori_name": "", "income": 34800, "qualifications": [1, 3, 4, 5, 6], "hours_worked_60_more": 3, "hours_worked_60_less": 87, "hours_worked_30_less": 7}, "model": "pathways.career", "pk": 4}, {"fields": {"name": "Machinery Mechanic", "maori_name": "", "income": 42800, "qualifications": [1, 3, 4, 5, 6], "hours_worked_60_more": 4, "hours_worked_60_less": 87, "hours_worked_30_less": 7}, "model": "pathways.career", "pk": 5}, {"fields": {"name": "Electrician", "maori_name": "", "income": 42900, "qualifications": [1, 3, 4, 5, 8], "hours_worked_60_more": 3, "hours_worked_60_less": 88, "hours_worked_30_less": 7}, "model": "pathways.career", "pk": 6}, {"fields": {"name": "Plumber", "maori_name": "", "income": 39900, "qualifications": [1, 2, 3, 4, 8], "hours_worked_60_more": 2, "hours_worked_60_less": 87, "hours_worked_30_less": 8}, "model": "pathways.career", "pk": 7}, {"fields": {"name": "Builder (Including Contractor)", "maori_name": "", "income": 36100, "qualifications": [1, 2, 3, 4, 9], "hours_worked_60_more": 3, "hours_worked_60_less": 85, "hours_worked_30_less": 8}, "model": "pathways.career", "pk": 8}, {"fields": {"name": "Carpenter / Joiner", "maori_name": "", "income": 38500, "qualifications": [1, 2, 3, 4, 9], "hours_worked_60_more": 2, "hours_worked_60_less": 88, "hours_worked_30_less": 6}, "model": "pathways.career", "pk": 9}, {"fields": {"name": "Builder (Including Contractor)", "maori_name": "", "income": 36100, "qualifications": [1, 2, 3, 4, 9], "hours_worked_60_more": 3, "hours_worked_60_less": 85, "hours_worked_30_less": 8}, "model": "pathways.career", "pk": 10}, {"fields": {"name": "Police Officer", "maori_name": "", "income": 55800, "qualifications": [1, 2, 4, 10, 11], "hours_worked_60_more": 2, "hours_worked_60_less": 90, "hours_worked_30_less": 6}, "model": "pathways.career", "pk": 11}, {"fields": {"name": "Hairdresser", "maori_name": "", "income": 21700, "qualifications": [1, 8, 11, 12, 13], "hours_worked_60_more": 1, "hours_worked_60_less": 60, "hours_worked_30_less": 36}, "model": "pathways.career", "pk": 12}, {"fields": {"name": "Chef", "maori_name": "", "income": 26900, "qualifications": [1, 8, 11, 14, 15], "hours_worked_60_more": 5, "hours_worked_60_less": 70, "hours_worked_30_less": 20}, "model": "pathways.career", "pk": 13}, {"fields": {"name": "Bartender", "maori_name": "", "income": 14800, "qualifications": [1, 8, 11, 16, 17], "hours_worked_60_more": 1, "hours_worked_60_less": 33, "hours_worked_30_less": 62}, "model": "pathways.career", "pk": 14}, {"fields": {"name": "Graphic Designer", "maori_name": "", "income": 37600, "qualifications": [1, 9, 17, 18, 19], "hours_worked_60_more": 2, "hours_worked_60_less": 75, "hours_worked_30_less": 22}, "model": "pathways.career", "pk": 15}, {"fields": {"name": "Fashion Designer", "maori_name": "", "income": 30200, "qualifications": [1, 9, 13, 18, 19], "hours_worked_60_more": 4, "hours_worked_60_less": 66, "hours_worked_30_less": 27}, "model": "pathways.career", "pk": 16}, {"fields": {"name": "Reporter", "maori_name": "", "income": 46300, "qualifications": [1, 14, 17, 20, 21], "hours_worked_60_more": 1, "hours_worked_60_less": 74, "hours_worked_30_less": 24}, "model": "pathways.career", "pk": 17}, {"fields": {"name": "Editor", "maori_name": "", "income": 43800, "qualifications": [1, 14, 17, 20, 22], "hours_worked_60_more": 1, "hours_worked_60_less": 69, "hours_worked_30_less": 27}, "model": "pathways.career", "pk": 18}, {"fields": {"name": "Legal Executive", "maori_name": "", "income": 44800, "qualifications": [1, 10, 11, 23, 24], "hours_worked_60_more": 1, "hours_worked_60_less": 73, "hours_worked_30_less": 25}, "model": "pathways.career", "pk": 19}, {"fields": {"name": "Legal Clerk", "maori_name": "", "income": 31900, "qualifications": [1, 11, 20, 23, 24], "hours_worked_60_more": 1, "hours_worked_60_less": 66, "hours_worked_30_less": 31}, "model": "pathways.career", "pk": 20}, {"fields": {"name": "Computer Programmer", "maori_name": "", "income": 88600, "qualifications": [1, 5, 25, 26, 27], "hours_worked_60_more": 1, "hours_worked_60_less": 85, "hours_worked_30_less": 12}, "model": "pathways.career", "pk": 21}, {"fields": {"name": "Computer Support Technician", "maori_name": "", "income": 54400, "qualifications": [1, 5, 11, 25, 28], "hours_worked_60_more": 1, "hours_worked_60_less": 87, "hours_worked_30_less": 11}, "model": "pathways.career", "pk": 22}, {"fields": {"name": "Economist", "maori_name": "", "income": 88600, "qualifications": [1, 11, 20, 26, 29], "hours_worked_60_more": 3, "hours_worked_60_less": 83, "hours_worked_30_less": 13}, "model": "pathways.career", "pk": 23}, {"fields": {"name": "Social Scientist", "maori_name": "", "income": 50400, "qualifications": [1, 11, 20, 22, 30], "hours_worked_60_more": 1, "hours_worked_60_less": 77, "hours_worked_30_less": 20}, "model": "pathways.career", "pk": 24}, {"fields": {"name": "Art Gallery / Museum Curator", "maori_name": "", "income": 40400, "qualifications": [1, 19, 20, 22, 31], "hours_worked_60_more": 3, "hours_worked_60_less": 74, "hours_worked_30_less": 21}, "model": "pathways.career", "pk": 25}, {"fields": {"name": "Archivist", "maori_name": "", "income": 100000, "qualifications": [1, 14, 20, 31, 32], "hours_worked_60_more": 1, "hours_worked_60_less": 66, "hours_worked_30_less": 32}, "model": "pathways.career", "pk": 26}, {"fields": {"name": "Librarian", "maori_name": "", "income": 72000, "qualifications": [1, 13, 14, 20, 31], "hours_worked_60_more": 0, "hours_worked_60_less": 56, "hours_worked_30_less": 42}, "model": "pathways.career", "pk": 27}, {"fields": {"name": "Judge", "maori_name": "", "income": 100000, "qualifications": [1, 11, 20, 23, 33], "hours_worked_60_more": 4, "hours_worked_60_less": 75, "hours_worked_30_less": 19}, "model": "pathways.career", "pk": 28}, {"fields": {"name": "Accountant", "maori_name": "", "income": 38400, "qualifications": [1, 11, 29, 34, 35], "hours_worked_60_more": 1, "hours_worked_60_less": 78, "hours_worked_30_less": 20}, "model": "pathways.career", "pk": 29}, {"fields": {"name": "Teacher of English to Speakers of Other Languages", "maori_name": "", "income": 27900, "qualifications": [1, 13, 14, 20, 36], "hours_worked_60_more": 0, "hours_worked_60_less": 28, "hours_worked_30_less": 68}, "model": "pathways.career", "pk": 30}, {"fields": {"name": "Primary School Teacher", "maori_name": "", "income": 44700, "qualifications": [1, 13, 14, 20, 36], "hours_worked_60_more": 4, "hours_worked_60_less": 67, "hours_worked_30_less": 26}, "model": "pathways.career", "pk": 31}, {"fields": {"name": "Secondary School Teacher", "maori_name": "", "income": 54500, "qualifications": [13, 14, 20, 22, 36], "hours_worked_60_more": 4, "hours_worked_60_less": 76, "hours_worked_30_less": 18}, "model": "pathways.career", "pk": 32}, {"fields": {"name": "Surgeon", "maori_name": "", "income": 62200, "qualifications": [1, 22, 37, 38, 39], "hours_worked_60_more": 15, "hours_worked_60_less": 65, "hours_worked_30_less": 18}, "model": "pathways.career", "pk": 33}, {"fields": {"name": "Physician", "maori_name": "", "income": 61000, "qualifications": [1, 37, 38, 39, 40], "hours_worked_60_more": 4, "hours_worked_60_less": 71, "hours_worked_30_less": 23}, "model": "pathways.career", "pk": 34}, {"fields": {"name": "Biologist", "maori_name": "", "income": 51100, "qualifications": [1, 15, 22, 26, 41], "hours_worked_60_more": 0, "hours_worked_60_less": 77, "hours_worked_30_less": 21}, "model": "pathways.career", "pk": 35}, {"fields": {"name": "Botanist", "maori_name": "", "income": 45800, "qualifications": [1, 14, 15, 22, 42], "hours_worked_60_more": 0, "hours_worked_60_less": 79, "hours_worked_30_less": 14}, "model": "pathways.career", "pk": 36}, {"fields": {"name": "Zoologist", "maori_name": "", "income": 48800, "qualifications": [1, 11, 22, 42, 43], "hours_worked_60_more": 3, "hours_worked_60_less": 69, "hours_worked_30_less": 31}, "model": "pathways.career", "pk": 37}, {"fields": {"name": "Structural Engineer", "maori_name": "", "income": 59500, "qualifications": [1, 3, 5, 6, 44], "hours_worked_60_more": 2, "hours_worked_60_less": 90, "hours_worked_30_less": 5}, "model": "pathways.career", "pk": 38}, {"fields": {"name": "Electrical Engineer", "maori_name": "", "income": 60100, "qualifications": [1, 3, 5, 6, 11], "hours_worked_60_more": 3, "hours_worked_60_less": 90, "hours_worked_30_less": 7}, "model": "pathways.career", "pk": 39}, {"fields": {"name": "Architect", "maori_name": "", "income": 54800, "qualifications": [1, 2, 18, 33, 44], "hours_worked_60_more": 2, "hours_worked_60_less": 83, "hours_worked_30_less": 13}, "model": "pathways.career", "pk": 40}, {"fields": {"name": "Mathematician / Statistician", "maori_name": "", "income": 53100, "qualifications": [1, 11, 26, 29, 35], "hours_worked_60_more": 1, "hours_worked_60_less": 84, "hours_worked_30_less": 14}, "model": "pathways.career", "pk": 41}, {"fields": {"name": "Physicist", "maori_name": "", "income": 64500, "qualifications": [5, 11, 13, 15, 45], "hours_worked_60_more": 0, "hours_worked_60_less": 85, "hours_worked_30_less": 12}, "model": "pathways.career", "pk": 42}, {"fields": {"name": "Meteorologist", "maori_name": "", "income": 61600, "qualifications": [1, 22, 26, 42, 45], "hours_worked_60_more": 2, "hours_worked_60_less": 87, "hours_worked_30_less": 11}, "model": "pathways.career", "pk": 43}, {"fields": {"name": "Chemist", "maori_name": "", "income": 48500, "qualifications": [1, 22, 46, 47, 48], "hours_worked_60_more": 1, "hours_worked_60_less": 83, "hours_worked_30_less": 14}, "model": "pathways.career", "pk": 44}, {"fields": {"name": "Geologist", "maori_name": "", "income": 59200, "qualifications": [1, 22, 42, 48, 49], "hours_worked_60_more": 5, "hours_worked_60_less": 82, "hours_worked_30_less": 11}, "model": "pathways.career", "pk": 45}, {"fields": {"name": "General Manager", "maori_name": "", "income": 57900, "qualifications": [1, 2, 4, 5, 11], "hours_worked_60_more": 7, "hours_worked_60_less": 73, "hours_worked_30_less": 17}, "model": "pathways.career", "pk": 46}, {"fields": {"careers": [35, 36], "name": "Agriculture & Horticulture", "maori_name": ""}, "model": "pathways.interest", "pk": 1}, {"fields": {"careers": [35, 44], "name": "Chemistry", "maori_name": ""}, "model": "pathways.interest", "pk": 2}, {"fields": {"careers": [41, 42], "name": "Mathmatics & Statistics", "maori_name": ""}, "model": "pathways.interest", "pk": 3}, {"fields": {"careers": [21, 41, 42], "name": "Physics", "maori_name": ""}, "model": "pathways.interest", "pk": 4}, {"fields": {"careers": [35, 36, 37], "name": "Biology", "maori_name": ""}, "model": "pathways.interest", "pk": 6}, {"fields": {"careers": [1, 4, 6, 8], "name": "Carpentry", "maori_name": ""}, "model": "pathways.interest", "pk": 7}, {"fields": {"careers": [21, 22], "name": "Computer Software", "maori_name": ""}, "model": "pathways.interest", "pk": 8}, {"fields": {"careers": [21, 22], "name": "Computer Hardware", "maori_name": ""}, "model": "pathways.interest", "pk": 9}, {"fields": {"careers": [1, 6, 40], "name": "Materials", "maori_name": ""}, "model": "pathways.interest", "pk": 10}, {"fields": {"careers": [2, 3, 4, 5, 22], "name": "Mechanics", "maori_name": ""}, "model": "pathways.interest", "pk": 11}, {"fields": {"careers": [21, 22], "name": "Networking", "maori_name": ""}, "model": "pathways.interest", "pk": 12}, {"fields": {"careers": [15, 16], "name": "Design", "maori_name": ""}, "model": "pathways.interest", "pk": 13}, {"fields": {"careers": [15, 16, 17], "name": "Media Studies", "maori_name": ""}, "model": "pathways.interest", "pk": 14}, {"fields": {"careers": [23, 29, 41, 46], "name": "Economics", "maori_name": ""}, "model": "pathways.interest", "pk": 15}, {"fields": {"careers": [43, 45], "name": "Geography", "maori_name": ""}, "model": "pathways.interest", "pk": 16}, {"fields": {"careers": [24, 25, 27, 32], "name": "History", "maori_name": ""}, "model": "pathways.interest", "pk": 17}, {"fields": {"careers": [19, 20, 23, 28], "name": "Legal Studies", "maori_name": ""}, "model": "pathways.interest", "pk": 18}, {"fields": {"careers": [24, 25, 26, 27], "name": "Social Studies", "maori_name": ""}, "model": "pathways.interest", "pk": 19}, {"fields": {"careers": [24, 25, 27, 32], "name": "Classics", "maori_name": ""}, "model": "pathways.interest", "pk": 20}, {"fields": {"interests": [1, 2, 3, 4, 6], "name": "Science"}, "model": "pathways.category", "pk": 1}, {"fields": {"interests": [7, 8, 9, 10, 11, 12, 13], "name": "Technology"}, "model": "pathways.category", "pk": 2}, {"fields": {"interests": [13, 14], "name": "Arts"}, "model": "pathways.category", "pk": 3}, {"fields": {"interests": [14, 15, 16, 17, 18, 19], "name": "Humanities"}, "model": "pathways.category", "pk": 4}, {"fields": {"interests": [20], "name": "Languages"}, "model": "pathways.category", "pk": 5}]