[{"fields": {"debt": 29000.0, "name": "Accountancy"}, "model": "pathways.qualification", "pk": 1}, {"fields": {"debt": 55500.0, "name": "Aerospace Engineering and Technology"}, "model": "pathways.qualification", "pk": 2}, {"fields": {"debt": 32600.0, "name": "Agriculture"}, "model": "pathways.qualification", "pk": 3}, {"fields": {"debt": 31900.0, "name": "Architecture and Urban Environment"}, "model": "pathways.qualification", "pk": 4}, {"fields": {"debt": 28900.0, "name": "Automotive Engineering and Technology"}, "model": "pathways.qualification", "pk": 5}, {"fields": {"debt": 55400.0, "name": "Banking, Finance and Related Fields"}, "model": "pathways.qualification", "pk": 6}, {"fields": {"debt": 49900.0, "name": "Behavioural Science"}, "model": "pathways.qualification", "pk": 7}, {"fields": {"debt": 59000.0, "name": "Biological Sciences"}, "model": "pathways.qualification", "pk": 8}, {"fields": {"debt": 40000.0, "name": "Building"}, "model": "pathways.qualification", "pk": 9}, {"fields": {"debt": 42500.0, "name": "Business and Management"}, "model": "pathways.qualification", "pk": 10}, {"fields": {"debt": 59600.0, "name": "Chemical Sciences"}, "model": "pathways.qualification", "pk": 11}, {"fields": {"debt": 22400.0, "name": "Civil Engineering"}, "model": "pathways.qualification", "pk": 12}, {"fields": {"debt": 23900.0, "name": "Communication and Media Studies"}, "model": "pathways.qualification", "pk": 13}, {"fields": {"debt": 44700.0, "name": "Computer Science"}, "model": "pathways.qualification", "pk": 14}, {"fields": {"debt": 49900.0, "name": "Earth Sciences"}, "model": "pathways.qualification", "pk": 15}, {"fields": {"debt": 37500.0, "name": "Economics and Econometrics"}, "model": "pathways.qualification", "pk": 16}, {"fields": {"debt": 43800.0, "name": "Education not further defined"}, "model": "pathways.qualification", "pk": 17}, {"fields": {"debt": 30100.0, "name": "Electrical and Electronic Engineering and Technology"}, "model": "pathways.qualification", "pk": 18}, {"fields": {"debt": 29400.0, "name": "Engineering and Related Technologies not further defined"}, "model": "pathways.qualification", "pk": 19}, {"fields": {"debt": 54200.0, "name": "Environmental Studies"}, "model": "pathways.qualification", "pk": 20}, {"fields": {"debt": 56700.0, "name": "Food and Hospitality"}, "model": "pathways.qualification", "pk": 21}, {"fields": {"debt": 35700.0, "name": "Graphic and Design Studies"}, "model": "pathways.qualification", "pk": 22}, {"fields": {"debt": 56000.0, "name": "Health not further defined"}, "model": "pathways.qualification", "pk": 23}, {"fields": {"debt": 25000.0, "name": "Information Systems"}, "model": "pathways.qualification", "pk": 24}, {"fields": {"debt": 26600.0, "name": "Information Technology not further defined"}, "model": "pathways.qualification", "pk": 25}, {"fields": {"debt": 44500.0, "name": "Justice and Law Enforcement"}, "model": "pathways.qualification", "pk": 26}, {"fields": {"debt": 32600.0, "name": "Language and Literature"}, "model": "pathways.qualification", "pk": 27}, {"fields": {"debt": 54200.0, "name": "Law"}, "model": "pathways.qualification", "pk": 28}, {"fields": {"debt": 41100.0, "name": "Librarianship, Information Management and Curatorial Studies"}, "model": "pathways.qualification", "pk": 29}, {"fields": {"debt": 43700.0, "name": "Manufacturing, Engineering and Technology"}, "model": "pathways.qualification", "pk": 30}, {"fields": {"debt": 43500.0, "name": "Mathematical Sciences"}, "model": "pathways.qualification", "pk": 31}, {"fields": {"debt": 21100.0, "name": "Mechanical and Industrial Engineering and Technology"}, "model": "pathways.qualification", "pk": 32}, {"fields": {"debt": 39000.0, "name": "Medical Studies"}, "model": "pathways.qualification", "pk": 33}, {"fields": {"debt": 23700.0, "name": "Natural and Physical Sciences not further defined"}, "model": "pathways.qualification", "pk": 34}, {"fields": {"debt": 0.0, "name": "No Post School Qualification"}, "model": "pathways.qualification", "pk": 35}, {"fields": {"debt": 36800.0, "name": "Nursing"}, "model": "pathways.qualification", "pk": 36}, {"fields": {"debt": 22900.0, "name": "Office Studies"}, "model": "pathways.qualification", "pk": 37}, {"fields": {"debt": 39900.0, "name": "Other Health"}, "model": "pathways.qualification", "pk": 38}, {"fields": {"debt": 44500.0, "name": "Other Natural and Physical Sciences"}, "model": "pathways.qualification", "pk": 39}, {"fields": {"debt": 54000.0, "name": "Personal Services"}, "model": "pathways.qualification", "pk": 40}, {"fields": {"debt": 50900.0, "name": "Pharmacy"}, "model": "pathways.qualification", "pk": 41}, {"fields": {"debt": 54900.0, "name": "Physics and Astronomy"}, "model": "pathways.qualification", "pk": 42}, {"fields": {"debt": 42400.0, "name": "Political Science and Policy Studies"}, "model": "pathways.qualification", "pk": 43}, {"fields": {"debt": 54400.0, "name": "Process and Resources Engineering"}, "model": "pathways.qualification", "pk": 44}, {"fields": {"debt": 43000.0, "name": "Public Health"}, "model": "pathways.qualification", "pk": 45}, {"fields": {"debt": 54300.0, "name": "Studies in Human Society"}, "model": "pathways.qualification", "pk": 46}, {"fields": {"debt": 45100.0, "name": "Teacher Education"}, "model": "pathways.qualification", "pk": 47}, {"fields": {"debt": 24600.0, "name": "Tourism"}, "model": "pathways.qualification", "pk": 48}, {"fields": {"debt": 56400.0, "name": "Visual Arts and Crafts"}, "model": "pathways.qualification", "pk": 49}, {"fields": {"degree": 70, "school": 17, "name": "Accountant", "maori_name": "", "income": 57100, "qualifications": [1, 6, 10, 16, 35], "post_school": 12, "hours_worked_60_more": 1, "hours_worked_60_less": 78, "hours_worked_30_less": 20, "no_qualification": 2}, "model": "pathways.career", "pk": 1}, {"fields": {"degree": 3, "school": 27, "name": "Aircraft Engine Mechanic", "maori_name": "", "income": 44100, "qualifications": [2, 5, 9, 32, 35], "post_school": 59, "hours_worked_60_more": 5, "hours_worked_60_less": 91, "hours_worked_30_less": 3, "no_qualification": 9}, "model": "pathways.career", "pk": 2}, {"fields": {"degree": 63, "school": 11, "name": "Architect", "maori_name": "", "income": 54800, "qualifications": [4, 9, 12, 22, 35], "post_school": 25, "hours_worked_60_more": 2, "hours_worked_60_less": 83, "hours_worked_30_less": 13, "no_qualification": 1}, "model": "pathways.career", "pk": 3}, {"fields": {"degree": 45, "school": 24, "name": "Archivist", "maori_name": "", "income": 36300, "qualifications": [20, 27, 29, 35, 46], "post_school": 20, "hours_worked_60_more": 1, "hours_worked_60_less": 66, "hours_worked_30_less": 32, "no_qualification": 8}, "model": "pathways.career", "pk": 4}, {"fields": {"degree": 48, "school": 23, "name": "Art Gallery and/or Museum Curator", "maori_name": "", "income": 40400, "qualifications": [8, 29, 35, 46, 49], "post_school": 18, "hours_worked_60_more": 3, "hours_worked_60_less": 74, "hours_worked_30_less": 21, "no_qualification": 9}, "model": "pathways.career", "pk": 5}, {"fields": {"degree": 9, "school": 52, "name": "Bartender", "maori_name": "", "income": 14800, "qualifications": [10, 13, 21, 35, 48], "post_school": 20, "hours_worked_60_more": 1, "hours_worked_60_less": 33, "hours_worked_30_less": 62, "no_qualification": 16}, "model": "pathways.career", "pk": 6}, {"fields": {"degree": 79, "school": 7, "name": "Biologist", "maori_name": "", "income": 51100, "qualifications": [8, 31, 35, 38, 39], "post_school": 13, "hours_worked_60_more": 0, "hours_worked_60_less": 77, "hours_worked_30_less": 21, "no_qualification": 2}, "model": "pathways.career", "pk": 7}, {"fields": {"degree": 68, "school": 11, "name": "Botanist", "maori_name": "", "income": 45800, "qualifications": [8, 15, 27, 35, 39], "post_school": 7, "hours_worked_60_more": 0, "hours_worked_60_less": 79, "hours_worked_30_less": 14, "no_qualification": 4}, "model": "pathways.career", "pk": 8}, {"fields": {"degree": 3, "school": 31, "name": "Builder (Including Contractor)", "maori_name": "", "income": 36100, "qualifications": [5, 9, 30, 32, 35], "post_school": 45, "hours_worked_60_more": 3, "hours_worked_60_less": 85, "hours_worked_30_less": 8, "no_qualification": 18}, "model": "pathways.career", "pk": 9}, {"fields": {"degree": 4, "school": 33, "name": "Builder's Labourer", "maori_name": "", "income": 30700, "qualifications": [5, 9, 18, 32, 35], "post_school": 27, "hours_worked_60_more": 2, "hours_worked_60_less": 75, "hours_worked_30_less": 17, "no_qualification": 31}, "model": "pathways.career", "pk": 10}, {"fields": {"degree": 2, "school": 24, "name": "Carpenter and/or Joiner", "maori_name": "", "income": 38500, "qualifications": [5, 9, 30, 32, 35], "post_school": 53, "hours_worked_60_more": 2, "hours_worked_60_less": 88, "hours_worked_30_less": 6, "no_qualification": 17}, "model": "pathways.career", "pk": 11}, {"fields": {"degree": 5, "school": 31, "name": "Chef", "maori_name": "", "income": 26900, "qualifications": [10, 21, 27, 35, 39], "post_school": 48, "hours_worked_60_more": 5, "hours_worked_60_less": 70, "hours_worked_30_less": 20, "no_qualification": 12}, "model": "pathways.career", "pk": 12}, {"fields": {"degree": 65, "school": 11, "name": "Chemist", "maori_name": "", "income": 48500, "qualifications": [8, 11, 35, 41, 44], "post_school": 19, "hours_worked_60_more": 1, "hours_worked_60_less": 83, "hours_worked_30_less": 14, "no_qualification": 4}, "model": "pathways.career", "pk": 13}, {"fields": {"degree": 57, "school": 21, "name": "Computer Programmer", "maori_name": "", "income": 61500, "qualifications": [14, 18, 24, 31, 35], "post_school": 19, "hours_worked_60_more": 1, "hours_worked_60_less": 85, "hours_worked_30_less": 12, "no_qualification": 2}, "model": "pathways.career", "pk": 14}, {"fields": {"degree": 30, "school": 32, "name": "Computer Support Technician", "maori_name": "", "income": 43000, "qualifications": [10, 14, 18, 25, 35], "post_school": 33, "hours_worked_60_more": 1, "hours_worked_60_less": 87, "hours_worked_30_less": 11, "no_qualification": 4}, "model": "pathways.career", "pk": 15}, {"fields": {"degree": 89, "school": 5, "name": "Economist", "maori_name": "", "income": 88600, "qualifications": [10, 16, 31, 35, 46], "post_school": 3, "hours_worked_60_more": 3, "hours_worked_60_less": 83, "hours_worked_30_less": 13, "no_qualification": 0}, "model": "pathways.career", "pk": 16}, {"fields": {"degree": 56, "school": 22, "name": "Editor", "maori_name": "", "income": 43800, "qualifications": [8, 13, 27, 35, 46], "post_school": 18, "hours_worked_60_more": 1, "hours_worked_60_less": 69, "hours_worked_30_less": 27, "no_qualification": 3}, "model": "pathways.career", "pk": 17}, {"fields": {"degree": 38, "school": 9, "name": "Electrical Engineer", "maori_name": "", "income": 60100, "qualifications": [10, 18, 19, 32, 35], "post_school": 51, "hours_worked_60_more": 3, "hours_worked_60_less": 90, "hours_worked_30_less": 7, "no_qualification": 2}, "model": "pathways.career", "pk": 18}, {"fields": {"degree": 1, "school": 17, "name": "Electrician", "maori_name": "", "income": 42900, "qualifications": [5, 18, 21, 32, 35], "post_school": 78, "hours_worked_60_more": 3, "hours_worked_60_less": 88, "hours_worked_30_less": 7, "no_qualification": 2}, "model": "pathways.career", "pk": 19}, {"fields": {"degree": 27, "school": 29, "name": "Fashion Designer", "maori_name": "", "income": 30200, "qualifications": [22, 30, 35, 47, 49], "post_school": 32, "hours_worked_60_more": 4, "hours_worked_60_less": 66, "hours_worked_30_less": 27, "no_qualification": 11}, "model": "pathways.career", "pk": 20}, {"fields": {"degree": 23, "school": 33, "name": "General Manager", "maori_name": "", "income": 57900, "qualifications": [5, 9, 10, 18, 35], "post_school": 29, "hours_worked_60_more": 7, "hours_worked_60_less": 73, "hours_worked_30_less": 17, "no_qualification": 13}, "model": "pathways.career", "pk": 21}, {"fields": {"degree": 91, "school": 3, "name": "Geologist", "maori_name": "", "income": 59200, "qualifications": [8, 15, 34, 35, 44], "post_school": 3, "hours_worked_60_more": 5, "hours_worked_60_less": 82, "hours_worked_30_less": 11, "no_qualification": 3}, "model": "pathways.career", "pk": 22}, {"fields": {"degree": 78, "school": 8, "name": "Geophysicist", "maori_name": "", "income": 58100, "qualifications": [8, 12, 15, 35, 46], "post_school": 13, "hours_worked_60_more": 2, "hours_worked_60_less": 86, "hours_worked_30_less": 11, "no_qualification": 3}, "model": "pathways.career", "pk": 23}, {"fields": {"degree": 35, "school": 24, "name": "Graphic Designer", "maori_name": "", "income": 37600, "qualifications": [13, 22, 30, 35, 49], "post_school": 39, "hours_worked_60_more": 2, "hours_worked_60_less": 75, "hours_worked_30_less": 22, "no_qualification": 2}, "model": "pathways.career", "pk": 24}, {"fields": {"degree": 1, "school": 23, "name": "Hairdresser", "maori_name": "", "income": 21700, "qualifications": [10, 21, 35, 40, 47], "post_school": 61, "hours_worked_60_more": 1, "hours_worked_60_less": 60, "hours_worked_30_less": 36, "no_qualification": 12}, "model": "pathways.career", "pk": 25}, {"fields": {"degree": 84, "school": 5, "name": "Judge", "maori_name": "", "income": 100000, "qualifications": [4, 10, 28, 35, 46], "post_school": 8, "hours_worked_60_more": 4, "hours_worked_60_less": 75, "hours_worked_30_less": 19, "no_qualification": 4}, "model": "pathways.career", "pk": 26}, {"fields": {"degree": 29, "school": 44, "name": "Legal Clerk", "maori_name": "", "income": 31900, "qualifications": [10, 28, 35, 37, 46], "post_school": 18, "hours_worked_60_more": 1, "hours_worked_60_less": 66, "hours_worked_30_less": 31, "no_qualification": 7}, "model": "pathways.career", "pk": 27}, {"fields": {"degree": 11, "school": 21, "name": "Legal Executive", "maori_name": "", "income": 44800, "qualifications": [10, 26, 28, 35, 37], "post_school": 65, "hours_worked_60_more": 1, "hours_worked_60_less": 73, "hours_worked_30_less": 25, "no_qualification": 3}, "model": "pathways.career", "pk": 28}, {"fields": {"degree": 43, "school": 21, "name": "Librarian", "maori_name": "", "income": 33500, "qualifications": [27, 29, 35, 46, 47], "post_school": 31, "hours_worked_60_more": 0, "hours_worked_60_less": 56, "hours_worked_30_less": 42, "no_qualification": 5}, "model": "pathways.career", "pk": 29}, {"fields": {"degree": 2, "school": 21, "name": "Machinery Mechanic", "maori_name": "", "income": 42800, "qualifications": [5, 18, 19, 32, 35], "post_school": 57, "hours_worked_60_more": 4, "hours_worked_60_less": 87, "hours_worked_30_less": 7, "no_qualification": 17}, "model": "pathways.career", "pk": 30}, {"fields": {"degree": 82, "school": 9, "name": "Mathematician and/or Statistician", "maori_name": "", "income": 53100, "qualifications": [6, 10, 16, 31, 35], "post_school": 7, "hours_worked_60_more": 1, "hours_worked_60_less": 84, "hours_worked_30_less": 14, "no_qualification": 1}, "model": "pathways.career", "pk": 31}, {"fields": {"degree": 79, "school": 13, "name": "Meteorologist", "maori_name": "", "income": 61600, "qualifications": [8, 15, 31, 35, 42], "post_school": 8, "hours_worked_60_more": 2, "hours_worked_60_less": 87, "hours_worked_30_less": 11, "no_qualification": 2}, "model": "pathways.career", "pk": 32}, {"fields": {"degree": 1, "school": 22, "name": "Motor Mechanic", "maori_name": "", "income": 34800, "qualifications": [5, 18, 19, 32, 35], "post_school": 57, "hours_worked_60_more": 3, "hours_worked_60_less": 87, "hours_worked_30_less": 7, "no_qualification": 16}, "model": "pathways.career", "pk": 33}, {"fields": {"degree": 86, "school": 6, "name": "Physician", "maori_name": "", "income": 100000, "qualifications": [23, 33, 35, 36, 45], "post_school": 7, "hours_worked_60_more": 4, "hours_worked_60_less": 71, "hours_worked_30_less": 23, "no_qualification": 1}, "model": "pathways.career", "pk": 34}, {"fields": {"degree": 85, "school": 6, "name": "Physicist", "maori_name": "", "income": 64500, "qualifications": [10, 18, 39, 42, 47], "post_school": 0, "hours_worked_60_more": 0, "hours_worked_60_less": 85, "hours_worked_30_less": 12, "no_qualification": 0}, "model": "pathways.career", "pk": 35}, {"fields": {"degree": 1, "school": 23, "name": "Plumber", "maori_name": "", "income": 39900, "qualifications": [5, 9, 21, 32, 35], "post_school": 66, "hours_worked_60_more": 2, "hours_worked_60_less": 87, "hours_worked_30_less": 8, "no_qualification": 9}, "model": "pathways.career", "pk": 36}, {"fields": {"degree": 13, "school": 41, "name": "Police Officer", "maori_name": "", "income": 55800, "qualifications": [5, 9, 10, 26, 35], "post_school": 37, "hours_worked_60_more": 2, "hours_worked_60_less": 90, "hours_worked_30_less": 6, "no_qualification": 8}, "model": "pathways.career", "pk": 37}, {"fields": {"degree": 60, "school": 2, "name": "Primary School Teacher", "maori_name": "", "income": 44700, "qualifications": [17, 27, 35, 46, 47], "post_school": 36, "hours_worked_60_more": 4, "hours_worked_60_less": 67, "hours_worked_30_less": 26, "no_qualification": 0}, "model": "pathways.career", "pk": 38}, {"fields": {"degree": 49, "school": 24, "name": "Reporter", "maori_name": "", "income": 46300, "qualifications": [13, 27, 35, 43, 46], "post_school": 25, "hours_worked_60_more": 1, "hours_worked_60_less": 74, "hours_worked_30_less": 24, "no_qualification": 1}, "model": "pathways.career", "pk": 39}, {"fields": {"degree": 80, "school": 2, "name": "Secondary School Teacher", "maori_name": "", "income": 54500, "qualifications": [8, 17, 27, 46, 47], "post_school": 18, "hours_worked_60_more": 4, "hours_worked_60_less": 76, "hours_worked_30_less": 18, "no_qualification": 0}, "model": "pathways.career", "pk": 40}, {"fields": {"degree": 1, "school": 33, "name": "Small Engine Mechanic", "maori_name": "", "income": 29400, "qualifications": [5, 9, 19, 32, 35], "post_school": 40, "hours_worked_60_more": 2, "hours_worked_60_less": 82, "hours_worked_30_less": 13, "no_qualification": 22}, "model": "pathways.career", "pk": 41}, {"fields": {"degree": 71, "school": 13, "name": "Social Scientist", "maori_name": "", "income": 50400, "qualifications": [7, 8, 10, 35, 46], "post_school": 12, "hours_worked_60_more": 1, "hours_worked_60_less": 77, "hours_worked_30_less": 20, "no_qualification": 3}, "model": "pathways.career", "pk": 42}, {"fields": {"degree": 55, "school": 12, "name": "Structural Engineer", "maori_name": "", "income": 59500, "qualifications": [12, 18, 19, 32, 35], "post_school": 28, "hours_worked_60_more": 2, "hours_worked_60_less": 90, "hours_worked_30_less": 5, "no_qualification": 4}, "model": "pathways.career", "pk": 43}, {"fields": {"degree": 94, "school": 4, "name": "Surgeon", "maori_name": "", "income": 100000, "qualifications": [8, 23, 33, 35, 36], "post_school": 2, "hours_worked_60_more": 15, "hours_worked_60_less": 65, "hours_worked_30_less": 18, "no_qualification": 0}, "model": "pathways.career", "pk": 44}, {"fields": {"degree": 65, "school": 10, "name": "Teacher of English to Speakers of Other Languages", "maori_name": "", "income": 27900, "qualifications": [17, 27, 35, 46, 47], "post_school": 23, "hours_worked_60_more": 0, "hours_worked_60_less": 28, "hours_worked_30_less": 68, "no_qualification": 1}, "model": "pathways.career", "pk": 45}, {"fields": {"degree": 70, "school": 10, "name": "Zoologist", "maori_name": "", "income": 48800, "qualifications": [3, 8, 10, 15, 35], "post_school": 15, "hours_worked_60_more": 3, "hours_worked_60_less": 69, "hours_worked_30_less": 31, "no_qualification": 3}, "model": "pathways.career", "pk": 46}, {"fields": {"careers": [35, 36], "name": "Agriculture & Horticulture", "maori_name": ""}, "model": "pathways.interest", "pk": 1}, {"fields": {"careers": [35, 44], "name": "Chemistry", "maori_name": ""}, "model": "pathways.interest", "pk": 2}, {"fields": {"careers": [41, 42], "name": "Mathmatics & Statistics", "maori_name": ""}, "model": "pathways.interest", "pk": 3}, {"fields": {"careers": [13, 14, 23, 31, 35], "name": "Physics", "maori_name": ""}, "model": "pathways.interest", "pk": 4}, {"fields": {"careers": [7, 8, 13, 46], "name": "Biology", "maori_name": ""}, "model": "pathways.interest", "pk": 6}, {"fields": {"careers": [1, 4, 6, 8], "name": "Carpentry", "maori_name": ""}, "model": "pathways.interest", "pk": 7}, {"fields": {"careers": [21, 22], "name": "Computer Software", "maori_name": ""}, "model": "pathways.interest", "pk": 8}, {"fields": {"careers": [21, 22], "name": "Computer Hardware", "maori_name": ""}, "model": "pathways.interest", "pk": 9}, {"fields": {"careers": [1, 6, 40], "name": "Materials", "maori_name": ""}, "model": "pathways.interest", "pk": 10}, {"fields": {"careers": [2, 3, 4, 5, 22], "name": "Mechanics", "maori_name": ""}, "model": "pathways.interest", "pk": 11}, {"fields": {"careers": [21, 22], "name": "Networking", "maori_name": ""}, "model": "pathways.interest", "pk": 12}, {"fields": {"careers": [15, 16], "name": "Design", "maori_name": ""}, "model": "pathways.interest", "pk": 13}, {"fields": {"careers": [15, 16, 17], "name": "Media Studies", "maori_name": ""}, "model": "pathways.interest", "pk": 14}, {"fields": {"careers": [1, 14, 16, 21, 31], "name": "Economics", "maori_name": ""}, "model": "pathways.interest", "pk": 15}, {"fields": {"careers": [43, 45], "name": "Geography", "maori_name": ""}, "model": "pathways.interest", "pk": 16}, {"fields": {"careers": [29], "name": "History", "maori_name": ""}, "model": "pathways.interest", "pk": 17}, {"fields": {"careers": [26, 27, 28, 29, 42], "name": "Legal Studies", "maori_name": ""}, "model": "pathways.interest", "pk": 18}, {"fields": {"careers": [4, 5, 17, 29, 39, 40, 42], "name": "Social Studies", "maori_name": ""}, "model": "pathways.interest", "pk": 19}, {"fields": {"careers": [40, 42], "name": "Classics", "maori_name": ""}, "model": "pathways.interest", "pk": 20}, {"fields": {"interests": [1, 2, 3, 4, 6], "name": "Science"}, "model": "pathways.category", "pk": 1}, {"fields": {"interests": [7, 8, 9, 10, 11, 12, 13], "name": "Technology"}, "model": "pathways.category", "pk": 2}, {"fields": {"interests": [13, 14], "name": "Arts"}, "model": "pathways.category", "pk": 3}, {"fields": {"interests": [14, 15, 16, 17, 18, 19], "name": "Humanities"}, "model": "pathways.category", "pk": 4}, {"fields": {"interests": [20], "name": "Languages"}, "model": "pathways.category", "pk": 5}]